Variant,Brand,Status,Message
Toyota PROACE Verso M 50 kWh,Toyota,Imported,
Peugeot e-Traveller Compact 50 kWh,Peugeot,Imported,
Toyota PROACE Shuttle L 50 kWh,Toyota,Imported,
Peugeot e-Traveller Long 50 kWh,Peugeot,Imported,
Porsche Taycan Turbo Sport Turismo,Porsche,Imported,
Mercedes-Benz EQV 250 Extra-Long,Mercedes-Benz,Imported,
Opel Vivaro-e Combi S 50 kWh,Opel,Imported,
Smart ForTwo Cabrio Electric Drive,Smart,Imported,
Citroen e-SpaceTourer XL 50 kWh,Citroen,Imported,
Fiat E-Ulysse L2 50 kWh,Fiat,Imported,
Peugeot e-Expert Combi Long 50 kWh,Peugeot,Imported,
Fiat E-Ulysse L3 50 kWh,Fiat,Imported,
Opel Zafira-e Life S 50 kWh,Opel,Imported,
Tesla Model X Ludicrous Performance,Tesla,Imported,
Mercedes-Benz EQE SUV 300,Mercedes-Benz,Imported,
Ford Mustang Mach-E SR AWD,Ford,Imported,
Porsche Taycan 4S Plus Sport Turismo,Porsche,Imported,
Mercedes-Benz eVito Tourer Extra-Long 60 kWh,Mercedes-Benz,Imported,
Toyota PROACE Shuttle M 50 kWh,Toyota,Imported,
Citroen e-SpaceTourer XS 50 kWh,Citroen,Imported,
Tesla Model X Performance,Tesla,Imported,
Toyota PROACE Shuttle L 75 kWh,Toyota,Imported,
Toyota PROACE Shuttle M 75 kWh,Toyota,Imported,
Opel Vivaro-e Combi M 50 kWh,Opel,Imported,
Peugeot e-Traveller L3 50 kWh,Peugeot,Imported,
Audi e-tron Sportback 50 quattro,Audi,Imported,
Citroen e-Jumpy Combi M 50 kWh,Citroen,Imported,
Toyota Proace City Verso Electric L2 50 kWh,Toyota,Imported,
Ford Mustang Mach-E SR RWD,Ford,Imported,
Citroen e-Jumpy Combi XS 50 kWh,Citroen,Imported,
Kia e-Soul 39 kWh,Kia,Imported,
Porsche Taycan Turbo Sport Turismo,Porsche,Failed,"
Invalid `prisma.variant.create()` invocation:


Unique constraint failed on the fields: (`slug`)"
Citroen e-Jumpy Combi XL 50 kWh,Citroen,Imported,
Opel Zafira-e Life M 75 kWh,Opel,Imported,
Citroen e-SpaceTourer XL 75 kWh,Citroen,Imported,
Opel Zafira-e Life L2 50 kWh,Opel,Imported,
Ford Mustang Mach-E SR AWD,Ford,Failed,"
Invalid `prisma.variant.create()` invocation:


Unique constraint failed on the fields: (`slug`)"
Audi Q4 Sportback e-tron 35,Audi,Imported,
Porsche Taycan 4S Sport Turismo,Porsche,Imported,
Peugeot e-Expert Combi Compact 50 kWh,Peugeot,Imported,
Opel Zafira-e Life M 50 kWh,Opel,Imported,
Opel Zafira-e Life L3 50 kWh,Opel,Imported,
Mercedes-Benz EQV 250 Long,Mercedes-Benz,Imported,
Toyota PROACE Verso L 50 kWh,Toyota,Imported,
Tesla Model X P90DL,Tesla,Imported,
Fiat E-Ulysse L3 75 kWh,Fiat,Imported,
Porsche Taycan Turbo S Sport Turismo,Porsche,Imported,
Opel Zafira-e Life L 50 kWh,Opel,Imported,
Mercedes-Benz EQV 250 Extra-Long,Mercedes-Benz,Failed,"
Invalid `prisma.variant.create()` invocation:


Unique constraint failed on the fields: (`slug`)"
Porsche Taycan Turbo S Cross Turismo,Porsche,Imported,
Mercedes-Benz eVito Tourer Long 60 kWh,Mercedes-Benz,Imported,
Porsche Taycan Turbo Cross Turismo,Porsche,Imported,
Audi Q4 Sportback e-tron 45 quattro,Audi,Imported,
Kia e-Niro 39 kWh,Kia,Imported,
Ford Mustang Mach-E SR RWD,Ford,Failed,"
Invalid `prisma.variant.create()` invocation:


Unique constraint failed on the fields: (`slug`)"
Peugeot e-Expert Combi Standard 50 kWh,Peugeot,Imported,
Citroen e-SpaceTourer M 50 kWh,Citroen,Imported,
Citroen e-Jumpy Combi XL 75 kWh,Citroen,Imported,
Skoda Enyaq Coupe iV 80x,Skoda,Imported,
Porsche Taycan Plus Sport Turismo,Porsche,Imported,
Mercedes-Benz eVito Tourer Long 60 kWh,Mercedes-Benz,Failed,"
Invalid `prisma.variant.create()` invocation:


Unique constraint failed on the fields: (`slug`)"
Kia e-Niro 39 kWh,Kia,Failed,"
Invalid `prisma.variant.create()` invocation:


Unique constraint failed on the fields: (`slug`)"
Mercedes-Benz eVito Tourer Extra-Long 60 kWh,Mercedes-Benz,Failed,"
Invalid `prisma.variant.create()` invocation:


Unique constraint failed on the fields: (`slug`)"
Mercedes-Benz EQA 250+,Mercedes-Benz,Imported,
Peugeot e-Traveller L2 75 kWh,Peugeot,Imported,
Ford Mustang Mach-E SR AWD,Ford,Failed,"
Invalid `prisma.variant.create()` invocation:


Unique constraint failed on the fields: (`slug`)"
NIO EL7 Standard Range,NIO,Imported,
Citroen e-SpaceTourer M 75 kWh,Citroen,Imported,
Audi e-tron S Sportback,Audi,Imported,
Renault Zoe R90 Entry,Renault,Imported,
Citroen e-SpaceTourer XL 75 kWh,Citroen,Failed,"
Invalid `prisma.variant.create()` invocation:


Unique constraint failed on the fields: (`slug`)"
Porsche Taycan Plus,Porsche,Imported,
Skoda Enyaq Coupe iV 60,Skoda,Imported,
Porsche Taycan Turbo Cross Turismo,Porsche,Failed,"
Invalid `prisma.variant.create()` invocation:


Unique constraint failed on the fields: (`slug`)"
Audi Q4 e-tron 45 quattro,Audi,Imported,
Porsche Taycan Turbo Cross Turismo,Porsche,Failed,"
Invalid `prisma.variant.create()` invocation:


Unique constraint failed on the fields: (`slug`)"
Kia e-Soul 39.2 kWh,Kia,Imported,
Opel Combo-e Life XL 50 kWh,Opel,Imported,
Renault Zoe Q90,Renault,Imported,
Mercedes-Benz EQV 250 Long,Mercedes-Benz,Failed,"
Invalid `prisma.variant.create()` invocation:


Unique constraint failed on the fields: (`slug`)"
Porsche Taycan 4S Plus Sport Turismo,Porsche,Failed,"
Invalid `prisma.variant.create()` invocation:


Unique constraint failed on the fields: (`slug`)"
Mercedes-Benz EQS SUV 500 4MATIC,Mercedes-Benz,Imported,
Porsche Taycan GTS Sport Turismo,Porsche,Imported,
Porsche Taycan Turbo S Cross Turismo,Porsche,Failed,"
Invalid `prisma.variant.create()` invocation:


Unique constraint failed on the fields: (`slug`)"
Smart EQ fortwo cabrio,Smart,Imported,
BMW i3s 94 Ah,BMW,Imported,
Fiat E-Ulysse L2 75 kWh,Fiat,Imported,
Ford Mustang Mach-E ER RWD,Ford,Imported,
Opel Vivaro-e Combi L 50 kWh,Opel,Imported,
Tesla Model S P90DL,Tesla,Imported,
ORA Funky Cat 63 kWh,ORA,Imported,
VinFast VF 8 Plus Extended Range,VinFast,Imported,
Ford Mustang Mach-E SR AWD,Ford,Failed,"
Invalid `prisma.variant.create()` invocation:


Unique constraint failed on the fields: (`slug`)"
Peugeot e-Rifter Long 50 kWh,Peugeot,Imported,
Mercedes-Benz EQS 500 4MATIC,Mercedes-Benz,Imported,
Peugeot e-Traveller L2 50 kWh,Peugeot,Imported,
Volvo EC40 Twin Motor Performance,Volvo,Imported,
Porsche Taycan 4S Sport Turismo,Porsche,Failed,"
Invalid `prisma.variant.create()` invocation:


Unique constraint failed on the fields: (`slug`)"
Peugeot e-Traveller Standard 50 kWh,Peugeot,Imported,
Audi Q4 Sportback e-tron 35,Audi,Failed,"
Invalid `prisma.variant.create()` invocation:


Unique constraint failed on the fields: (`slug`)"
NIO EL8 Standard Range,NIO,Imported,
Porsche Taycan 4S Cross Turismo,Porsche,Imported,
Volkswagen ID.4 Pro 4MOTION,Volkswagen,Imported,
Citroen e-Berlingo XL 50 kWh,Citroen,Imported,
Nissan Townstar EV Passenger L2,Nissan,Imported,
Porsche Taycan Sport Turismo,Porsche,Imported,
Genesis GV60 Sport Plus,Genesis,Imported,
Peugeot e-Traveller Long 75 kWh,Peugeot,Imported,
Skoda Enyaq Coupe 85x,Skoda,Imported,
Mercedes-Benz EQE AMG 43 4MATIC,Mercedes-Benz,Imported,
Skoda Enyaq iV RS,Skoda,Imported,
Citroen e-SpaceTourer XL 50 kWh,Citroen,Failed,"
Invalid `prisma.variant.create()` invocation:


Unique constraint failed on the fields: (`slug`)"
Mercedes-Benz EQE SUV 350+,Mercedes-Benz,Imported,
Opel Vivaro-e Combi L 75 kWh,Opel,Imported,
Genesis GV60 Sport,Genesis,Imported,
NIO ET5 Touring Standard Range,NIO,Imported,
Mini Cooper SE Convertible,Mini,Imported,
Mercedes-Benz EQE 350,Mercedes-Benz,Imported,
Audi e-tron Sportback 55 quattro,Audi,Imported,
Abarth 600e Turismo,Abarth,Imported,
Porsche Taycan Plus Sport Turismo,Porsche,Failed,"
Invalid `prisma.variant.create()` invocation:


Unique constraint failed on the fields: (`slug`)"
Porsche Taycan 4S Plus,Porsche,Imported,
Ford Mustang Mach-E GT,Ford,Imported,
Jeep Avenger Electric 1st Edition,Jeep,Imported,
Mercedes-Benz EQS SUV 450 4MATIC,Mercedes-Benz,Imported,
Opel Zafira-e Life L 75 kWh,Opel,Imported,
Opel Zafira-e Life L2 75 kWh,Opel,Imported,
Mercedes-Benz EQE AMG 53 4MATIC+,Mercedes-Benz,Imported,
Volkswagen ID.5 GTX,Volkswagen,Imported,
Hyundai Kona Electric 39 kWh,Hyundai,Imported,
NIO EL6 Standard Range,NIO,Imported,
Audi SQ8 e-tron Sportback,Audi,Imported,
Mercedes-Benz EQV 300 Extra-Long,Mercedes-Benz,Imported,
Tesla Model X 60D,Tesla,Imported,
Opel Combo-e Life XL 50 kWh,Opel,Failed,"
Invalid `prisma.variant.create()` invocation:


Unique constraint failed on the fields: (`slug`)"
Porsche Taycan Turbo S Sport Turismo,Porsche,Failed,"
Invalid `prisma.variant.create()` invocation:


Unique constraint failed on the fields: (`slug`)"
Mercedes-Benz eVito Tourer Extra-Long 41 kWh,Mercedes-Benz,Imported,
Citroen e-C4,Citroen,Imported,
Mercedes-Benz EQV 300 Extra-Long,Mercedes-Benz,Failed,"
Invalid `prisma.variant.create()` invocation:


Unique constraint failed on the fields: (`slug`)"
Renault Kangoo Grand E-Tech Electric,Renault,Imported,
Ford Mustang Mach-E ER RWD,Ford,Failed,"
Invalid `prisma.variant.create()` invocation:


Unique constraint failed on the fields: (`slug`)"
Lucid Air Pure AWD,Lucid,Imported,
Lucid Air Dream Edition P,Lucid,Imported,
Toyota PROACE Verso M 75 kWh,Toyota,Imported,
Mercedes-Benz EQT 200 Long,Mercedes-Benz,Imported,
Peugeot e-Rifter XL 50 kWh,Peugeot,Imported,
Mercedes-Benz EQS AMG 53 4MATIC+,Mercedes-Benz,Imported,
Porsche Taycan Turbo,Porsche,Imported,
Smart EQ forfour,Smart,Imported,
Volvo EX40 Twin Motor Performance,Volvo,Imported,
Volkswagen ID.5 Pro,Volkswagen,Imported,
BMW i5 M60 xDrive Touring,BMW,Imported,
Porsche Taycan,Porsche,Imported,
Volkswagen ID.5 Pro,Volkswagen,Failed,"
Invalid `prisma.variant.create()` invocation:


Unique constraint failed on the fields: (`slug`)"
Tesla Model S 70D,Tesla,Imported,
Porsche Taycan GTS,Porsche,Imported,
Toyota Proace City Verso Electric L2 50 kWh,Toyota,Failed,"
Invalid `prisma.variant.create()` invocation:


Unique constraint failed on the fields: (`slug`)"
Porsche Taycan 4S,Porsche,Imported,
Mercedes-Benz EQE 500 4MATIC,Mercedes-Benz,Imported,
DS 3 Crossback E-Tense,DS,Imported,
Porsche Taycan 4,Porsche,Imported,
Ford Mustang Mach-E SR AWD,Ford,Failed,"
Invalid `prisma.variant.create()` invocation:


Unique constraint failed on the fields: (`slug`)"
Mercedes-Benz EQS SUV 450+,Mercedes-Benz,Imported,
Hyundai IONIQ 5 Standard Range AWD,Hyundai,Imported,
Audi e-tron S,Audi,Imported,
Skywell BE11 Standard Range,Skywell,Imported,
Toyota PROACE Verso M 75 kWh,Toyota,Failed,"
Invalid `prisma.variant.create()` invocation:


Unique constraint failed on the fields: (`slug`)"
Nissan Ariya e-4ORCE 87kWh - 290 kW,Nissan,Imported,
BMW i5 xDrive40 Touring,BMW,Imported,
GWM ORA 07 Pro,GWM,Imported,
BMW i5 M60 xDrive Sedan,BMW,Imported,
Peugeot e-Traveller L3 75 kWh,Peugeot,Imported,
Porsche Taycan Turbo S Cross Turismo,Porsche,Failed,"
Invalid `prisma.variant.create()` invocation:


Unique constraint failed on the fields: (`slug`)"
Mercedes-Benz EQE SUV AMG 43 4MATIC,Mercedes-Benz,Imported,
Ford Mustang Mach-E GT,Ford,Failed,"
Invalid `prisma.variant.create()` invocation:


Unique constraint failed on the fields: (`slug`)"
Citroen e-SpaceTourer M 50 kWh,Citroen,Failed,"
Invalid `prisma.variant.create()` invocation:


Unique constraint failed on the fields: (`slug`)"
MG MG5 EV Long Range,MG,Imported,
Tesla Model S P90D,Tesla,Imported,
Ford e-Tourneo Custom L2 160 kW,Ford,Imported,
Porsche Taycan GTS Sport Turismo,Porsche,Failed,"
Invalid `prisma.variant.create()` invocation:


Unique constraint failed on the fields: (`slug`)"
Polestar 2 Long Range Performance,Polestar,Imported,
Tesla Model S P90DL,Tesla,Failed,"
Invalid `prisma.variant.create()` invocation:


Unique constraint failed on the fields: (`slug`)"
Mercedes-Benz EQE 350 4MATIC,Mercedes-Benz,Imported,
Tesla Model X Long Range,Tesla,Imported,
Smart EQ fortwo coupe,Smart,Imported,
Citroen C-Zero,Citroen,Imported,
Seres 3,Seres,Imported,
Ford e-Tourneo Custom L1 210 kW,Ford,Imported,
Sono Sion,Sono,Imported,
Citroen E-Berlingo Multispace,Citroen,Imported,
Citroen e-Berlingo XL 50 kWh,Citroen,Failed,"
Invalid `prisma.variant.create()` invocation:


Unique constraint failed on the fields: (`slug`)"
Mercedes-Benz EQS SUV 500 4MATIC,Mercedes-Benz,Failed,"
Invalid `prisma.variant.create()` invocation:


Unique constraint failed on the fields: (`slug`)"
Volvo EC40 Twin Motor,Volvo,Imported,
Porsche Taycan Sport Turismo,Porsche,Failed,"
Invalid `prisma.variant.create()` invocation:


Unique constraint failed on the fields: (`slug`)"
Peugeot e-Expert Combi Long 75 kWh,Peugeot,Imported,
BMW i5 M60 xDrive Touring,BMW,Failed,"
Invalid `prisma.variant.create()` invocation:


Unique constraint failed on the fields: (`slug`)"
Nissan Ariya e-4ORCE 87kWh - 320 kW Nismo,Nissan,Imported,
ORA Funky Cat GT,ORA,Imported,
Abarth 500e Scorpionissima,Abarth,Imported,
Mercedes-Benz EQE SUV AMG 53 4MATIC+,Mercedes-Benz,Imported,
Polestar 2 Long Range Dual Motor,Polestar,Imported,
Smart #1 Pure+,Smart,Imported,
Abarth 500e Convertible,Abarth,Imported,
Mercedes-Benz EQE AMG 43 4MATIC,Mercedes-Benz,Failed,"
Invalid `prisma.variant.create()` invocation:


Unique constraint failed on the fields: (`slug`)"
Kia e-Niro 39 kWh,Kia,Failed,"
Invalid `prisma.variant.create()` invocation:


Unique constraint failed on the fields: (`slug`)"
Tesla Model X Standard Range,Tesla,Imported,
Skoda Enyaq Coupe iV 80,Skoda,Imported,
Opel Zafira-e Life L3 75 kWh,Opel,Imported,
Smart #1 Pure,Smart,Failed,"
Invalid `prisma.model.upsert()` invocation:


Unique constraint failed on the fields: (`slug`)"
Smart #3 Pro,Smart,Imported,
GWM ORA 07 GT,GWM,Imported,
Lotus Eletre S,Lotus,Imported,
Citroen e-C4 54 kWh,Citroen,Imported,
GWM ORA 03 GT,GWM,Imported,
Citroen e-Jumpy Combi M 75 kWh,Citroen,Imported,
Toyota PROACE Verso L 75 kWh,Toyota,Imported,
Volkswagen ID.5 Pro Performance,Volkswagen,Imported,
Volvo EC40 Twin Motor Performance,Volvo,Failed,"
Invalid `prisma.variant.create()` invocation:


Unique constraint failed on the fields: (`slug`)"
Porsche Taycan Turbo,Porsche,Failed,"
Invalid `prisma.variant.create()` invocation:


Unique constraint failed on the fields: (`slug`)"
Ford Mustang Mach-E ER RWD,Ford,Failed,"
Invalid `prisma.variant.create()` invocation:


Unique constraint failed on the fields: (`slug`)"
Porsche Taycan Turbo S,Porsche,Imported,
Fiat 500e Cabrio 24 kWh,Fiat,Imported,
Volvo XC40 Recharge Twin Pure Electric,Volvo,Imported,
CUPRA Born 170 kW - 58 kWh,CUPRA,Imported,
Mercedes-Benz EQS 450 4MATIC,Mercedes-Benz,Imported,
Peugeot e-Rifter Standard 50 kWh,Peugeot,Imported,
Jaguar I-Pace EV320,Jaguar,Imported,
Audi Q4 Sportback e-tron 50 quattro,Audi,Imported,
BMW i5 xDrive40 Touring,BMW,Failed,"
Invalid `prisma.variant.create()` invocation:


Unique constraint failed on the fields: (`slug`)"
Maserati GranCabrio Folgore,Maserati,Imported,
Opel Combo-e Life 50 kWh,Opel,Imported,
Citroen e-SpaceTourer M 75 kWh,Citroen,Failed,"
Invalid `prisma.variant.create()` invocation:


Unique constraint failed on the fields: (`slug`)"
Ford Mustang Mach-E SR RWD,Ford,Failed,"
Invalid `prisma.variant.create()` invocation:


Unique constraint failed on the fields: (`slug`)"
Volvo EC40 Single Motor,Volvo,Imported,
Toyota PROACE Verso M 50 kWh,Toyota,Failed,"
Invalid `prisma.variant.create()` invocation:


Unique constraint failed on the fields: (`slug`)"
Toyota Proace City Verso Electric L1 50 kWh,Toyota,Imported,
Tesla Model S 70,Tesla,Imported,
Porsche Taycan 4S Cross Turismo,Porsche,Failed,"
Invalid `prisma.variant.create()` invocation:


Unique constraint failed on the fields: (`slug`)"
VinFast VF 8 Eco Extended Range,VinFast,Imported,
Mercedes-Benz EQS AMG 53 4MATIC+,Mercedes-Benz,Failed,"
Invalid `prisma.variant.create()` invocation:


Unique constraint failed on the fields: (`slug`)"
Peugeot e-Traveller Standard 75 kWh,Peugeot,Imported,
Ford Mustang Mach-E ER AWD,Ford,Imported,
Mercedes-Benz EQE AMG 53 4MATIC+,Mercedes-Benz,Failed,"
Invalid `prisma.variant.create()` invocation:


Unique constraint failed on the fields: (`slug`)"
Hyundai Kona Electric 39 kWh,Hyundai,Failed,"
Invalid `prisma.variant.create()` invocation:


Unique constraint failed on the fields: (`slug`)"
Ford e-Tourneo Custom L1 160 kW,Ford,Imported,
Smart EQ fortwo cabrio,Smart,Failed,"
Invalid `prisma.variant.create()` invocation:


Unique constraint failed on the fields: (`slug`)"
Skoda Enyaq 50,Skoda,Imported,
GWM ORA 03 63 kWh,GWM,Imported,
Volkswagen ID.4 GTX,Volkswagen,Imported,
Aiways U6,Aiways,Imported,
Smart ForFour Electric Drive,Smart,Imported,
Ford Mustang Mach-E ER RWD,Ford,Failed,"
Invalid `prisma.variant.create()` invocation:


Unique constraint failed on the fields: (`slug`)"
Audi SQ6 e-tron Sportback,Audi,Imported,
Mercedes-Benz EQT 200 Standard,Mercedes-Benz,Imported,
Peugeot Partner Tepee Electric,Peugeot,Imported,
Peugeot iOn,Peugeot,Imported,
Tesla Model X Performance,Tesla,Failed,"
Invalid `prisma.variant.create()` invocation:


Unique constraint failed on the fields: (`slug`)"
Volvo C40 Recharge Twin Pure Electric,Volvo,Imported,
Renault Zoe R90,Renault,Imported,
Tesla Model S 60D,Tesla,Imported,
Ford e-Tourneo Custom L2 210 kW,Ford,Imported,
Volvo EX40 Twin Motor,Volvo,Imported,
Volvo EC40 Twin Motor,Volvo,Failed,"
Invalid `prisma.variant.create()` invocation:


Unique constraint failed on the fields: (`slug`)"
Smart #1 Pulse,Smart,Imported,
Porsche Taycan 4S Cross Turismo,Porsche,Failed,"
Invalid `prisma.variant.create()` invocation:


Unique constraint failed on the fields: (`slug`)"
JAC iEV7s,JAC,Imported,
Ford Mustang Mach-E SR RWD,Ford,Failed,"
Invalid `prisma.variant.create()` invocation:


Unique constraint failed on the fields: (`slug`)"
Mercedes-Benz EQS 450 4MATIC,Mercedes-Benz,Failed,"
Invalid `prisma.variant.create()` invocation:


Unique constraint failed on the fields: (`slug`)"
Mercedes-Benz eVito Tourer Extra-Long 90 kWh,Mercedes-Benz,Imported,
Renault Megane E-Tech EV60 130hp,Renault,Imported,
Volkswagen ID.5 GTX,Volkswagen,Failed,"
Invalid `prisma.variant.create()` invocation:


Unique constraint failed on the fields: (`slug`)"
BMW i5 xDrive40 Sedan,BMW,Imported,
Ford Mustang Mach-E GT,Ford,Failed,"
Invalid `prisma.variant.create()` invocation:


Unique constraint failed on the fields: (`slug`)"
Mercedes-Benz EQE AMG 53 4MATIC+,Mercedes-Benz,Failed,"
Invalid `prisma.variant.create()` invocation:


Unique constraint failed on the fields: (`slug`)"
Citroen e-C4 X,Citroen,Imported,
Smart #3 Pro+,Smart,Failed,"
Invalid `prisma.model.upsert()` invocation:


Unique constraint failed on the fields: (`slug`)"
ORA Funky Cat 48 kWh,ORA,Imported,
Renault Zoe Q90,Renault,Failed,"
Invalid `prisma.variant.create()` invocation:


Unique constraint failed on the fields: (`slug`)"
Mercedes-Benz EQS SUV 580 4MATIC,Mercedes-Benz,Imported,
Volvo XC40 Recharge Twin Pure Electric,Volvo,Failed,"
Invalid `prisma.variant.create()` invocation:


Unique constraint failed on the fields: (`slug`)"
Ford Mustang Mach-E ER AWD,Ford,Failed,"
Invalid `prisma.variant.create()` invocation:


Unique constraint failed on the fields: (`slug`)"
Lotus Emeya S,Lotus,Imported,
Kia e-Soul 39 kWh,Kia,Failed,"
Invalid `prisma.variant.create()` invocation:


Unique constraint failed on the fields: (`slug`)"
Audi Q8 e-tron Sportback 50 quattro,Audi,Imported,
Porsche Taycan 4 Cross Turismo,Porsche,Imported,
Kia EV9 76.1 kWh RWD,Kia,Imported,
Fisker Ocean Ultra,Fisker,Imported,
Nissan e-NV200 Evalia,Nissan,Imported,
Ford Mustang Mach-E Rally,Ford,Imported,
Volvo EC40 Single Motor,Volvo,Failed,"
Invalid `prisma.variant.create()` invocation:


Unique constraint failed on the fields: (`slug`)"
Hyundai IONIQ 5 Project 45,Hyundai,Imported,
Volkswagen ID. Buzz NWB GTX,Volkswagen,Imported,
Opel Mokka-e 54 kWh,Opel,Imported,
Audi Q4 Sportback e-tron 55 quattro,Audi,Imported,
Opel Mokka-e,Opel,Imported,
Kia e-Soul 64 kWh,Kia,Imported,
Audi Q4 e-tron 45 quattro,Audi,Failed,"
Invalid `prisma.variant.create()` invocation:


Unique constraint failed on the fields: (`slug`)"
Tesla Model S 90D,Tesla,Imported,
BMW i5 xDrive40 Sedan,BMW,Failed,"
Invalid `prisma.variant.create()` invocation:


Unique constraint failed on the fields: (`slug`)"
Fiat 500e 3+1 24 kWh,Fiat,Imported,
Kia EV4 Hatchback Standard Range,Kia,Imported,
Mercedes-Benz EQE 500 4MATIC,Mercedes-Benz,Failed,"
Invalid `prisma.variant.create()` invocation:


Unique constraint failed on the fields: (`slug`)"
NIO ET5 Touring Long Range,NIO,Imported,
Mercedes-Benz eVito Tourer Long 41 kWh,Mercedes-Benz,Imported,
Abarth 600e Scorpionissima,Abarth,Imported,
Volvo C40 Recharge Pure Electric,Volvo,Imported,
Mercedes-Benz EQS 580 4MATIC,Mercedes-Benz,Imported,
Porsche Taycan 4 Cross Turismo,Porsche,Failed,"
Invalid `prisma.variant.create()` invocation:


Unique constraint failed on the fields: (`slug`)"
Peugeot e-208 51 kWh,Peugeot,Imported,
Tesla Model S Standard Range,Tesla,Imported,
Peugeot iOn,Peugeot,Failed,"
Invalid `prisma.variant.create()` invocation:


Unique constraint failed on the fields: (`slug`)"
Smart #1 Pro,Smart,Imported,
Audi e-tron 55 quattro,Audi,Imported,
Skoda Enyaq iV 50,Skoda,Imported,
Audi Q6 e-tron Sportback,Audi,Imported,
MG Cyberster Trophy,MG,Imported,
Peugeot e-Rifter M 50 kWh,Peugeot,Imported,
Audi Q4 Sportback e-tron 40,Audi,Imported,
Tesla Model X P90D,Tesla,Imported,
Ford Mustang Mach-E SR RWD,Ford,Failed,"
Invalid `prisma.variant.create()` invocation:


Unique constraint failed on the fields: (`slug`)"
Mercedes-Benz EQA 350 4MATIC,Mercedes-Benz,Imported,
Mercedes-Benz EQA 250+,Mercedes-Benz,Failed,"
Invalid `prisma.variant.create()` invocation:


Unique constraint failed on the fields: (`slug`)"
Mercedes-Benz EQE AMG 43 4MATIC,Mercedes-Benz,Failed,"
Invalid `prisma.variant.create()` invocation:


Unique constraint failed on the fields: (`slug`)"
DS 3 Crossback E-Tense,DS,Failed,"
Invalid `prisma.variant.create()` invocation:


Unique constraint failed on the fields: (`slug`)"
Mercedes-Benz eVito Tourer Long 90 kWh,Mercedes-Benz,Imported,
Peugeot e-Expert Combi Standard 75 kWh,Peugeot,Imported,
Volvo XC40 Recharge Pure Electric,Volvo,Imported,
Porsche Taycan 4 Plus,Porsche,Imported,
Mercedes-Benz EQS 500 4MATIC,Mercedes-Benz,Failed,"
Invalid `prisma.variant.create()` invocation:


Unique constraint failed on the fields: (`slug`)"
Audi SQ8 e-tron,Audi,Imported,
Mercedes-Benz EQE SUV 350 4MATIC,Mercedes-Benz,Imported,
Volkswagen ID.4 Pure Performance,Volkswagen,Imported,
Mercedes-Benz EQC 400 4MATIC,Mercedes-Benz,Imported,
Polestar 2 Long Range Performance,Polestar,Failed,"
Invalid `prisma.variant.create()` invocation:


Unique constraint failed on the fields: (`slug`)"
Audi e-tron S,Audi,Failed,"
Invalid `prisma.variant.create()` invocation:


Unique constraint failed on the fields: (`slug`)"
Volkswagen ID.3 Pro S - 5 Seats,Volkswagen,Imported,
Ford Mustang Mach-E GT,Ford,Failed,"
Invalid `prisma.variant.create()` invocation:


Unique constraint failed on the fields: (`slug`)"
Alpine A290 Electric 180 hp,Alpine,Imported,
Polestar 2 Standard Range Single Motor,Polestar,Imported,
Opel Vivaro-e Combi M 75 kWh,Opel,Imported,
Opel Combo-e Life 50 kWh,Opel,Failed,"
Invalid `prisma.variant.create()` invocation:


Unique constraint failed on the fields: (`slug`)"
Volkswagen e-Up!,Volkswagen,Imported,
Mercedes-Benz EQA 300 4MATIC,Mercedes-Benz,Imported,
Volvo EX90 Single Motor,Volvo,Imported,
Volvo C40 Recharge Single Motor,Volvo,Imported,
Volkswagen ID.5 Pro Performance,Volkswagen,Failed,"
Invalid `prisma.variant.create()` invocation:


Unique constraint failed on the fields: (`slug`)"
Mercedes-Benz EQA 350 4MATIC,Mercedes-Benz,Failed,"
Invalid `prisma.variant.create()` invocation:


Unique constraint failed on the fields: (`slug`)"
Skywell BE11 Long Range,Skywell,Imported,
Volkswagen ID.3 Pro S - 4 Seats,Volkswagen,Imported,
Volkswagen e-Up!,Volkswagen,Failed,"
Invalid `prisma.variant.create()` invocation:


Unique constraint failed on the fields: (`slug`)"
Audi Q6 e-tron Sportback quattro,Audi,Imported,
Porsche Taycan Turbo GT Weissach,Porsche,Imported,
Polestar 2 Long Range Performance,Polestar,Failed,"
Invalid `prisma.variant.create()` invocation:


Unique constraint failed on the fields: (`slug`)"
Dacia Spring Electric 65 Extreme,Dacia,Imported,
Audi e-tron Sportback 50 quattro,Audi,Failed,"
Invalid `prisma.variant.create()` invocation:


Unique constraint failed on the fields: (`slug`)"
Peugeot e-3008 73 kWh Dual Motor,Peugeot,Imported,
Genesis GV70 Electrified Sport,Genesis,Imported,
Elaris BEO 86 kWh,Elaris,Imported,
Audi e-tron S Sportback,Audi,Failed,"
Invalid `prisma.variant.create()` invocation:


Unique constraint failed on the fields: (`slug`)"
Mercedes-Benz EQE 350 4MATIC,Mercedes-Benz,Failed,"
Invalid `prisma.variant.create()` invocation:


Unique constraint failed on the fields: (`slug`)"
Mercedes-Benz EQB 250+,Mercedes-Benz,Imported,
Fiat 500e 3+1 42 kWh,Fiat,Imported,
Tesla Model X Performance,Tesla,Failed,"
Invalid `prisma.variant.create()` invocation:


Unique constraint failed on the fields: (`slug`)"
Skoda Enyaq Coupe 60,Skoda,Imported,
DS NÂ°8 FWD,DS,Imported,
Genesis GV60 Premium,Genesis,Imported,
Audi e-tron GT RS,Audi,Imported,
Mercedes-Benz EQS 450+,Mercedes-Benz,Imported,
SsangYong Korando e-Motion,SsangYong,Imported,
Mercedes-Benz EQA 300 4MATIC,Mercedes-Benz,Failed,"
Invalid `prisma.variant.create()` invocation:


Unique constraint failed on the fields: (`slug`)"
Volkswagen ID.5 Pure,Volkswagen,Imported,
Mini Aceman JCW,Mini,Imported,
Citroen e-Berlingo M 50 kWh,Citroen,Imported,
Peugeot e-5008 73 kWh Dual Motor,Peugeot,Imported,
Mitsubishi i-MiEV,Mitsubishi,Imported,
Dacia Spring Electric,Dacia,Imported,
Fisker Ocean Sport,Fisker,Imported,
Porsche Taycan 4S,Porsche,Failed,"
Invalid `prisma.variant.create()` invocation:


Unique constraint failed on the fields: (`slug`)"
Mercedes-Benz EQS SUV 450+,Mercedes-Benz,Failed,"
Invalid `prisma.variant.create()` invocation:


Unique constraint failed on the fields: (`slug`)"
Audi Q4 Sportback e-tron 45 quattro,Audi,Failed,"
Invalid `prisma.variant.create()` invocation:


Unique constraint failed on the fields: (`slug`)"
Zeekr 001 Privilege AWD,Zeekr,Imported,
Audi Q4 Sportback e-tron 40,Audi,Failed,"
Invalid `prisma.variant.create()` invocation:


Unique constraint failed on the fields: (`slug`)"
Nissan Ariya e-4ORCE 87kWh - 225 kW,Nissan,Imported,
Mitsubishi i-MiEV,Mitsubishi,Failed,"
Invalid `prisma.variant.create()` invocation:


Unique constraint failed on the fields: (`slug`)"
Smart #5 Pulse,Smart,Imported,
Volvo EC40 Single Motor ER,Volvo,Imported,
Citroen e-C4,Citroen,Failed,"
Invalid `prisma.variant.create()` invocation:


Unique constraint failed on the fields: (`slug`)"
Lotus Emeya R,Lotus,Imported,
Opel Grandland 82 kWh,Opel,Imported,
Hongqi E-HS9 120 kWh,Hongqi,Imported,
Fiat 500e Cabrio 42 kWh,Fiat,Imported,
Ford Mustang Mach-E ER AWD,Ford,Failed,"
Invalid `prisma.variant.create()` invocation:


Unique constraint failed on the fields: (`slug`)"
Smart #1 Premium,Smart,Imported,
Mercedes-Benz EQE SUV 300,Mercedes-Benz,Failed,"
Invalid `prisma.variant.create()` invocation:


Unique constraint failed on the fields: (`slug`)"
SEAT Mii Electric,SEAT,Imported,
Tesla Model S 70,Tesla,Failed,"
Invalid `prisma.variant.create()` invocation:


Unique constraint failed on the fields: (`slug`)"
Polestar 2 Standard Range Single Motor,Polestar,Failed,"
Invalid `prisma.variant.create()` invocation:


Unique constraint failed on the fields: (`slug`)"
Porsche Taycan Plus,Porsche,Failed,"
Invalid `prisma.variant.create()` invocation:


Unique constraint failed on the fields: (`slug`)"
Volvo XC40 P8 AWD Recharge,Volvo,Imported,
Volvo EX40 Twin Motor,Volvo,Failed,"
Invalid `prisma.variant.create()` invocation:


Unique constraint failed on the fields: (`slug`)"
Tesla Model X Ludicrous Performance,Tesla,Failed,"
Invalid `prisma.variant.create()` invocation:


Unique constraint failed on the fields: (`slug`)"
Smart #5 Pro,Smart,Imported,
BMW i5 eDrive40 Touring,BMW,Imported,
Audi S6 Sportback e-tron,Audi,Imported,
Volvo ES90 Single Motor,Volvo,Imported,
Renault Zoe R240,Renault,Imported,
Peugeot e-308 SW,Peugeot,Imported,
Dacia Spring Electric,Dacia,Failed,"
Invalid `prisma.variant.create()` invocation:


Unique constraint failed on the fields: (`slug`)"
Lucid Air Pure RWD,Lucid,Imported,
XPENG P7 AWD Performance,XPENG,Imported,
e.Go e.wave X,e.Go,Imported,
Kia EV4 Sedan Standard Range,Kia,Imported,
Mercedes-Benz EQE 350+,Mercedes-Benz,Failed,"
Invalid `prisma.model.upsert()` invocation:


Unique constraint failed on the fields: (`slug`)"
Audi Q8 e-tron Sportback 55 quattro,Audi,Imported,
Tesla Model S 60,Tesla,Imported,
Audi e-tron 55 quattro,Audi,Failed,"
Invalid `prisma.variant.create()` invocation:


Unique constraint failed on the fields: (`slug`)"
Porsche Taycan 4S Plus,Porsche,Failed,"
Invalid `prisma.variant.create()` invocation:


Unique constraint failed on the fields: (`slug`)"
Mercedes-Benz EQS SUV 580 4MATIC,Mercedes-Benz,Failed,"
Invalid `prisma.variant.create()` invocation:


Unique constraint failed on the fields: (`slug`)"
Skoda Enyaq Coupe iV RS,Skoda,Imported,
Ford Explorer Extended Range RWD,Ford,Imported,
Peugeot e-2008 50 kWh,Peugeot,Imported,
Renault Zoe R90,Renault,Failed,"
Invalid `prisma.variant.create()` invocation:


Unique constraint failed on the fields: (`slug`)"
MG MG5 EV,MG,Imported,
Tesla Model S Performance,Tesla,Imported,
Porsche Macan 4S Electric,Porsche,Imported,
Volkswagen ID.3 GTX Performance,Volkswagen,Imported,
Mercedes-Benz EQS 350,Mercedes-Benz,Imported,
Volvo EC40 Single Motor ER,Volvo,Failed,"
Invalid `prisma.variant.create()` invocation:


Unique constraint failed on the fields: (`slug`)"
Mercedes-Benz EQS 500 4MATIC,Mercedes-Benz,Failed,"
Invalid `prisma.variant.create()` invocation:


Unique constraint failed on the fields: (`slug`)"
Toyota Proace City Verso Electric L1 50 kWh,Toyota,Failed,"
Invalid `prisma.variant.create()` invocation:


Unique constraint failed on the fields: (`slug`)"
Volkswagen ID.3 Pro Performance,Volkswagen,Imported,
Volvo EX40 Single Motor,Volvo,Imported,
Skoda Enyaq Coupe 60,Skoda,Failed,"
Invalid `prisma.variant.create()` invocation:


Unique constraint failed on the fields: (`slug`)"
Audi Q4 Sportback e-tron 45,Audi,Imported,
Kia EV6 Standard Range 2WD,Kia,Imported,
Audi S6 Avant e-tron,Audi,Imported,
Volvo C40 Recharge Single Motor ER,Volvo,Imported,
Fisker Ocean Extreme,Fisker,Imported,
Skoda CITIGOe iV,Skoda,Imported,
Volkswagen ID. Buzz NWB Pure,Volkswagen,Imported,
Mercedes-Benz EQE SUV 500 4MATIC,Mercedes-Benz,Imported,
Citroen e-C4 X 54 kWh,Citroen,Imported,
Volvo EX30 Cross Country,Volvo,Imported,
Ford Mustang Mach-E GT,Ford,Failed,"
Invalid `prisma.variant.create()` invocation:


Unique constraint failed on the fields: (`slug`)"
Mercedes-Benz EQE SUV 500 4MATIC,Mercedes-Benz,Failed,"
Invalid `prisma.variant.create()` invocation:


Unique constraint failed on the fields: (`slug`)"
Mercedes-Benz EQB 300 4MATIC,Mercedes-Benz,Imported,
Renault 4 E-Tech 40kWh 120hp,Renault,Imported,
Mercedes-Benz EQE 300,Mercedes-Benz,Imported,
Abarth 500e Hatchback,Abarth,Imported,
Volkswagen ID.5 GTX,Volkswagen,Failed,"
Invalid `prisma.variant.create()` invocation:


Unique constraint failed on the fields: (`slug`)"
Genesis G80 Electrified Luxury,Genesis,Imported,
Mercedes-Benz eVito Tourer Long 90 kWh,Mercedes-Benz,Failed,"
Invalid `prisma.variant.create()` invocation:


Unique constraint failed on the fields: (`slug`)"
Volvo ES90 Twin Motor Performance,Volvo,Imported,
Mercedes-Benz EQS AMG 53 4MATIC+,Mercedes-Benz,Failed,"
Invalid `prisma.variant.create()` invocation:


Unique constraint failed on the fields: (`slug`)"
Mercedes-Benz EQE 500 4MATIC,Mercedes-Benz,Failed,"
Invalid `prisma.variant.create()` invocation:


Unique constraint failed on the fields: (`slug`)"
GWM ORA 07 Pure,GWM,Imported,
DS 3 E-Tense,DS,Imported,
Kia e-Soul 64 kWh,Kia,Failed,"
Invalid `prisma.variant.create()` invocation:


Unique constraint failed on the fields: (`slug`)"
BMW iX3,BMW,Imported,
BYD DOLPHIN 44.9 kWh Boost,BYD,Imported,
Audi e-tron 50 quattro,Audi,Imported,
Lightyear 0,Lightyear,Imported,
Volkswagen ID.3 Pure Performance,Volkswagen,Imported,
Polestar 3 Long Range Performance,Polestar,Imported,
Fisker Ocean One,Fisker,Imported,
Volvo EX40 Twin Motor Performance,Volvo,Failed,"
Invalid `prisma.variant.create()` invocation:


Unique constraint failed on the fields: (`slug`)"
Lexus UX 300e,Lexus,Imported,
Audi e-tron Sportback 55 quattro,Audi,Failed,"
Invalid `prisma.variant.create()` invocation:


Unique constraint failed on the fields: (`slug`)"
Skoda Enyaq Coupe 85x,Skoda,Failed,"
Invalid `prisma.variant.create()` invocation:


Unique constraint failed on the fields: (`slug`)"
Kia Soul EV,Kia,Imported,
Hyundai IONIQ 9 Performance AWD,Hyundai,Imported,
Tesla Model X Long Range Plus,Tesla,Imported,
Volkswagen ID.3 Pure Performance,Volkswagen,Failed,"
Invalid `prisma.variant.create()` invocation:


Unique constraint failed on the fields: (`slug`)"
Smart ForTwo Electric Drive,Smart,Imported,
Mercedes-Benz EQE 300,Mercedes-Benz,Failed,"
Invalid `prisma.variant.create()` invocation:


Unique constraint failed on the fields: (`slug`)"
Volvo XC40 Recharge Twin Motor,Volvo,Imported,
Lexus UX 300e,Lexus,Failed,"
Invalid `prisma.variant.create()` invocation:


Unique constraint failed on the fields: (`slug`)"
Fiat 500e Hatchback 24 kWh,Fiat,Imported,
Volkswagen ID. Buzz NWB Pro,Volkswagen,Imported,
Polestar 2 Long Range Single Motor,Polestar,Imported,
BMW i5 eDrive40 Sedan,BMW,Imported,
Audi SQ6 e-tron,Audi,Imported,
Polestar 2 Standard Range Single Motor,Polestar,Failed,"
Invalid `prisma.variant.create()` invocation:


Unique constraint failed on the fields: (`slug`)"
Skoda Enyaq Coupe 85,Skoda,Imported,
Mercedes-Benz EQA 250,Mercedes-Benz,Failed,"
Invalid `prisma.model.upsert()` invocation:


Unique constraint failed on the fields: (`slug`)"
Aiways U5,Aiways,Imported,
Citroen C-Zero,Citroen,Failed,"
Invalid `prisma.variant.create()` invocation:


Unique constraint failed on the fields: (`slug`)"
Mercedes-Benz EQE 350 4MATIC,Mercedes-Benz,Failed,"
Invalid `prisma.variant.create()` invocation:


Unique constraint failed on the fields: (`slug`)"
Polestar 2 Long Range Performance,Polestar,Failed,"
Invalid `prisma.variant.create()` invocation:


Unique constraint failed on the fields: (`slug`)"
Renault Megane E-Tech EV40 130hp,Renault,Imported,
Aiways U5,Aiways,Failed,"
Invalid `prisma.variant.create()` invocation:


Unique constraint failed on the fields: (`slug`)"
Nissan Townstar EV Passenger,Nissan,Imported,
Opel Astra Sports Tourer Electric,Opel,Imported,
Mini Cooper JCW,Mini,Imported,
Citroen e-Berlingo M 50 kWh,Citroen,Failed,"
Invalid `prisma.variant.create()` invocation:


Unique constraint failed on the fields: (`slug`)"
Porsche Taycan 4S Plus,Porsche,Failed,"
Invalid `prisma.variant.create()` invocation:


Unique constraint failed on the fields: (`slug`)"
Volvo XC40 Recharge Single Motor,Volvo,Imported,
Alfa Romeo Junior Elettrica 54 kWh Veloce,Alfa,Imported,
Mercedes-Benz EQS 580 4MATIC,Mercedes-Benz,Failed,"
Invalid `prisma.variant.create()` invocation:


Unique constraint failed on the fields: (`slug`)"
Volkswagen ID.4 Pro 4MOTION,Volkswagen,Failed,"
Invalid `prisma.variant.create()` invocation:


Unique constraint failed on the fields: (`slug`)"
Porsche Taycan GTS,Porsche,Failed,"
Invalid `prisma.variant.create()` invocation:


Unique constraint failed on the fields: (`slug`)"
Polestar 2 Long Range Dual Motor,Polestar,Failed,"
Invalid `prisma.variant.create()` invocation:


Unique constraint failed on the fields: (`slug`)"
Polestar 2 Standard Range Single Motor,Polestar,Failed,"
Invalid `prisma.variant.create()` invocation:


Unique constraint failed on the fields: (`slug`)"
Audi e-tron GT RS performance,Audi,Imported,
Mercedes-Benz EQV 300 Long,Mercedes-Benz,Imported,
BMW iX M70 xDrive,BMW,Imported,
Porsche Taycan Turbo S,Porsche,Failed,"
Invalid `prisma.variant.create()` invocation:


Unique constraint failed on the fields: (`slug`)"
NIO ET5 Standard Range,NIO,Imported,
Honda e Advance,Honda,Imported,
MG MGS5 EV 49 kWh,MG,Imported,
Polestar 3 Long Range Single motor,Polestar,Imported,
Porsche Taycan Turbo GT,Porsche,Imported,
Porsche Taycan 4 Cross Turismo,Porsche,Failed,"
Invalid `prisma.variant.create()` invocation:


Unique constraint failed on the fields: (`slug`)"
Hyundai Kona Electric 64 kWh,Hyundai,Imported,
Audi Q6 e-tron Sportback performance,Audi,Imported,
Audi Q4 e-tron 35,Audi,Imported,
Skoda Enyaq 85x,Skoda,Imported,
Renault Zoe ZE40 R110,Renault,Imported,
Smart #5 Pro+,Smart,Failed,"
Invalid `prisma.model.upsert()` invocation:


Unique constraint failed on the fields: (`slug`)"
Renault Scenic E-Tech EV60 170hp,Renault,Imported,
NIO ET7 Long Range,NIO,Imported,
BMW i3 94 Ah,BMW,Imported,
Renault Zoe R110,Renault,Imported,
Volkswagen ID.7 GTX,Volkswagen,Imported,
Mini Aceman SE,Mini,Imported,
Kia e-Niro 64 kWh,Kia,Imported,
Polestar 2 Long Range Dual Motor,Polestar,Failed,"
Invalid `prisma.variant.create()` invocation:


Unique constraint failed on the fields: (`slug`)"
Ford Focus Electric,Ford,Imported,
Mercedes-Benz EQE 350,Mercedes-Benz,Failed,"
Invalid `prisma.variant.create()` invocation:


Unique constraint failed on the fields: (`slug`)"
BMW i7 M70 xDrive,BMW,Imported,
Seres 3,Seres,Failed,"
Invalid `prisma.variant.create()` invocation:


Unique constraint failed on the fields: (`slug`)"
Opel Corsa Electric 50 kWh,Opel,Imported,
Jaguar I-Pace EV400,Jaguar,Imported,
Mercedes-Benz EQB 250,Mercedes-Benz,Failed,"
Invalid `prisma.model.upsert()` invocation:


Unique constraint failed on the fields: (`slug`)"
Citroen e-C4 54 kWh,Citroen,Failed,"
Invalid `prisma.variant.create()` invocation:


Unique constraint failed on the fields: (`slug`)"
Porsche Taycan Turbo,Porsche,Failed,"
Invalid `prisma.variant.create()` invocation:


Unique constraint failed on the fields: (`slug`)"
Lotus Emeya,Lotus,Imported,
Volvo EX40 Single Motor,Volvo,Failed,"
Invalid `prisma.variant.create()` invocation:


Unique constraint failed on the fields: (`slug`)"
Smart #3 Premium,Smart,Imported,
NIO EL6 Long Range,NIO,Imported,
Kia Soul EV,Kia,Failed,"
Invalid `prisma.variant.create()` invocation:


Unique constraint failed on the fields: (`slug`)"
GWM ORA 03 48 kWh,GWM,Imported,
Opel Corsa-e,Opel,Imported,
Mercedes-Benz EQS 450 4MATIC,Mercedes-Benz,Failed,"
Invalid `prisma.variant.create()` invocation:


Unique constraint failed on the fields: (`slug`)"
BMW i7 eDrive50,BMW,Imported,
Ford Mustang Mach-E ER AWD,Ford,Failed,"
Invalid `prisma.variant.create()` invocation:


Unique constraint failed on the fields: (`slug`)"
Renault Kangoo Maxi ZE 33,Renault,Imported,
Maserati Grecale Folgore,Maserati,Imported,
Jaguar I-Pace EV400,Jaguar,Failed,"
Invalid `prisma.variant.create()` invocation:


Unique constraint failed on the fields: (`slug`)"
Mercedes-Benz EQB 350 4MATIC,Mercedes-Benz,Imported,
Mini Aceman E,Mini,Imported,
Volkswagen ID.4 GTX,Volkswagen,Failed,"
Invalid `prisma.variant.create()` invocation:


Unique constraint failed on the fields: (`slug`)"
Skoda Enyaq 60,Skoda,Imported,
Hyundai IONIQ 5 Long Range AWD,Hyundai,Imported,
Volkswagen ID.3 Pro S,Volkswagen,Imported,
CUPRA Born VZ,CUPRA,Imported,
Audi Q8 e-tron 50 quattro,Audi,Imported,
Hongqi E-HS9 84 kWh,Hongqi,Imported,
Lucid Air Touring,Lucid,Imported,
Audi Q4 e-tron 55 quattro,Audi,Imported,
Renault Kangoo E-Tech Electric,Renault,Imported,
Tesla Model X 90D,Tesla,Imported,
Citroen e-C4 X 54 kWh,Citroen,Failed,"
Invalid `prisma.variant.create()` invocation:


Unique constraint failed on the fields: (`slug`)"
Polestar 2 Long Range Single Motor,Polestar,Failed,"
Invalid `prisma.variant.create()` invocation:


Unique constraint failed on the fields: (`slug`)"
Renault Zoe Q210,Renault,Imported,
Renault Megane E-Tech EV60 130hp,Renault,Failed,"
Invalid `prisma.variant.create()` invocation:


Unique constraint failed on the fields: (`slug`)"
Volkswagen ID.3 Pro,Volkswagen,Imported,
Audi Q4 e-tron 40,Audi,Imported,
Polestar 3 Long Range Dual motor,Polestar,Imported,
Kia e-Soul 64 kWh,Kia,Failed,"
Invalid `prisma.variant.create()` invocation:


Unique constraint failed on the fields: (`slug`)"
Volkswagen ID.4 Pro,Volkswagen,Imported,
Nissan Leaf e+,Nissan,Imported,
Nissan Ariya 63kWh,Nissan,Imported,
BMW i3 60 Ah,BMW,Imported,
Maserati GranTurismo Folgore,Maserati,Imported,
NIO EL8 Long Range,NIO,Imported,
Mercedes-Benz EQE SUV 350 4MATIC,Mercedes-Benz,Failed,"
Invalid `prisma.variant.create()` invocation:


Unique constraint failed on the fields: (`slug`)"
Tesla Model X P100D,Tesla,Imported,
Peugeot e-408 58 kWh,Peugeot,Imported,
BMW i5 eDrive40 Touring,BMW,Failed,"
Invalid `prisma.variant.create()` invocation:


Unique constraint failed on the fields: (`slug`)"
Volvo EX90 Twin Motor Performance,Volvo,Imported,
Nissan Leaf 30 kWh,Nissan,Imported,
Nissan Leaf,Nissan,Imported,
XPENG G9 RWD Standard Range,XPENG,Imported,
Ford Mustang Mach-E ER AWD,Ford,Failed,"
Invalid `prisma.variant.create()` invocation:


Unique constraint failed on the fields: (`slug`)"
Polestar 2,Polestar,Imported,
Tesla Model 3 Long Range RWD,Tesla,Imported,
Volvo XC40 Recharge Single Motor ER,Volvo,Imported,
Audi e-tron GT S,Audi,Imported,
Porsche Macan Turbo Electric,Porsche,Imported,
Ford e-Tourneo Courier,Ford,Imported,
Toyota PROACE Verso L 75 kWh,Toyota,Failed,"
Invalid `prisma.variant.create()` invocation:


Unique constraint failed on the fields: (`slug`)"
Mini Countryman SE ALL4,Mini,Imported,
Audi Q4 e-tron 35,Audi,Failed,"
Invalid `prisma.variant.create()` invocation:


Unique constraint failed on the fields: (`slug`)"
Mini Cooper SE,Mini,Imported,
Dacia Spring Electric 65,Dacia,Imported,
Zeekr X Long Range RWD,Zeekr,Imported,
Volkswagen ID.3 Pro Performance,Volkswagen,Failed,"
Invalid `prisma.variant.create()` invocation:


Unique constraint failed on the fields: (`slug`)"
Mercedes-Benz EQV 300 Long,Mercedes-Benz,Failed,"
Invalid `prisma.variant.create()` invocation:


Unique constraint failed on the fields: (`slug`)"
Audi A6 Avant e-tron,Audi,Imported,
Lotus Eletre R,Lotus,Imported,
Audi A6 Sportback e-tron,Audi,Imported,
Volvo EX40 Single Motor ER,Volvo,Imported,
Mini Cooper E,Mini,Imported,
Mercedes-Benz EQB 350 4MATIC,Mercedes-Benz,Failed,"
Invalid `prisma.variant.create()` invocation:


Unique constraint failed on the fields: (`slug`)"
BMW i4 xDrive40,BMW,Imported,
Peugeot e-2008 SUV,Peugeot,Imported,
Renault 5 E-Tech 40kWh 120hp,Renault,Imported,
Mercedes-Benz EQS 580 4MATIC,Mercedes-Benz,Failed,"
Invalid `prisma.variant.create()` invocation:


Unique constraint failed on the fields: (`slug`)"
Volvo C40 Recharge Twin Motor,Volvo,Imported,
Tesla Model X Performance,Tesla,Failed,"
Invalid `prisma.variant.create()` invocation:


Unique constraint failed on the fields: (`slug`)"
Zeekr 7X Premium RWD,Zeekr,Imported,
Volkswagen ID.4 1st,Volkswagen,Imported,
CUPRA Born 170 kW - 59 kWh,CUPRA,Imported,
Kia e-Niro 64 kWh,Kia,Failed,"
Invalid `prisma.variant.create()` invocation:


Unique constraint failed on the fields: (`slug`)"
Audi Q4 e-tron 50 quattro,Audi,Imported,
Mercedes-Benz EQA 250,Mercedes-Benz,Failed,"
Invalid `prisma.model.upsert()` invocation:


Unique constraint failed on the fields: (`slug`)"
Ford Mustang Mach-E ER RWD,Ford,Failed,"
Invalid `prisma.variant.create()` invocation:


Unique constraint failed on the fields: (`slug`)"
Mazda MX-30,Mazda,Imported,
Mazda 6e Long Range,Mazda,Imported,
Volkswagen ID. Buzz LWB GTX,Volkswagen,Imported,
BMW i3 94 Ah,BMW,Failed,"
Invalid `prisma.variant.create()` invocation:


Unique constraint failed on the fields: (`slug`)"
Hyundai IONIQ 9 Long Range RWD,Hyundai,Imported,
Skoda Enyaq Coupe RS,Skoda,Imported,
Volkswagen ID.4 GTX,Volkswagen,Failed,"
Invalid `prisma.variant.create()` invocation:


Unique constraint failed on the fields: (`slug`)"
MG MG4 Electric XPOWER,MG,Imported,
Smart EQ forfour,Smart,Failed,"
Invalid `prisma.variant.create()` invocation:


Unique constraint failed on the fields: (`slug`)"
Nissan Leaf 24 kWh,Nissan,Imported,
Audi A6 Avant e-tron quattro,Audi,Imported,
Ford Explorer Extended Range AWD,Ford,Imported,
MG MG5 Electric Standard Range,MG,Imported,
Porsche Taycan,Porsche,Failed,"
Invalid `prisma.variant.create()` invocation:


Unique constraint failed on the fields: (`slug`)"
MG ZS EV Standard Range,MG,Imported,
Tesla Model S P90D,Tesla,Failed,"
Invalid `prisma.variant.create()` invocation:


Unique constraint failed on the fields: (`slug`)"
Alpine A290 Electric 220 hp,Alpine,Imported,
MG Marvel R Performance,MG,Imported,
Volkswagen ID.3 1st,Volkswagen,Imported,
Tesla Model X Long Range,Tesla,Failed,"
Invalid `prisma.variant.create()` invocation:


Unique constraint failed on the fields: (`slug`)"
Kia EV9 99.8 kWh AWD GT-Line,Kia,Imported,
Tesla Model S 70D,Tesla,Failed,"
Invalid `prisma.variant.create()` invocation:


Unique constraint failed on the fields: (`slug`)"
Porsche Taycan Plus,Porsche,Failed,"
Invalid `prisma.variant.create()` invocation:


Unique constraint failed on the fields: (`slug`)"
Skoda Enyaq RS,Skoda,Imported,
Polestar 2 Standard Range Single Motor,Polestar,Failed,"
Invalid `prisma.variant.create()` invocation:


Unique constraint failed on the fields: (`slug`)"
Tesla Model 3 Long Range RWD,Tesla,Failed,"
Invalid `prisma.variant.create()` invocation:


Unique constraint failed on the fields: (`slug`)"
Dongfeng Box 31.4 kWh,Dongfeng,Imported,
Hyundai IONIQ 9 Long Range AWD,Hyundai,Imported,
Citroen e-C4 X,Citroen,Failed,"
Invalid `prisma.variant.create()` invocation:


Unique constraint failed on the fields: (`slug`)"
Kia EV6 GT,Kia,Imported,
Skoda Enyaq 85x,Skoda,Failed,"
Invalid `prisma.variant.create()` invocation:


Unique constraint failed on the fields: (`slug`)"
Audi Q6 e-tron,Audi,Imported,
Volkswagen ID.3 Pro S - 4 Seats,Volkswagen,Failed,"
Invalid `prisma.variant.create()` invocation:


Unique constraint failed on the fields: (`slug`)"
Kia EV6 Standard Range 2WD,Kia,Failed,"
Invalid `prisma.variant.create()` invocation:


Unique constraint failed on the fields: (`slug`)"
Alfa Romeo Junior Elettrica 54 kWh,Alfa,Imported,
Tesla Model S 75,Tesla,Imported,
Skoda Enyaq iV 80x,Skoda,Imported,
Opel Mokka Electric,Opel,Imported,
Kia EV6 Long Range AWD,Kia,Imported,
BMW iX M60,BMW,Imported,
Zeekr X Privilege AWD,Zeekr,Imported,
Volvo EX90 Twin Motor,Volvo,Imported,
Peugeot e-208,Peugeot,Imported,
Opel Ampera-e,Opel,Imported,
Renault 5 E-Tech 40kWh 95hp,Renault,Imported,
BMW iX2 eDrive20,BMW,Imported,
Lexus RZ 300e,Lexus,Imported,
MG Marvel R,MG,Imported,
Peugeot e-308,Peugeot,Imported,
Renault Zoe ZE50 R135,Renault,Imported,
Volkswagen e-Golf,Volkswagen,Imported,
Mercedes-Benz EQE SUV 350+,Mercedes-Benz,Failed,"
Invalid `prisma.variant.create()` invocation:


Unique constraint failed on the fields: (`slug`)"
Fiat 600e,Fiat,Imported,
Smart #3 Brabus,Smart,Imported,
Volkswagen e-Up!,Volkswagen,Failed,"
Invalid `prisma.variant.create()` invocation:


Unique constraint failed on the fields: (`slug`)"
BMW i5 M60 xDrive Sedan,BMW,Failed,"
Invalid `prisma.variant.create()` invocation:


Unique constraint failed on the fields: (`slug`)"
Audi A6 Sportback e-tron quattro,Audi,Imported,
Volkswagen ID.3 Pro,Volkswagen,Failed,"
Invalid `prisma.variant.create()` invocation:


Unique constraint failed on the fields: (`slug`)"
Skoda Enyaq Coupe 85,Skoda,Failed,"
Invalid `prisma.variant.create()` invocation:


Unique constraint failed on the fields: (`slug`)"
BYD SEALION 7 82.5 kWh AWD Design,BYD,Imported,
Volkswagen ID. Buzz LWB Pro,Volkswagen,Imported,
BYD DOLPHIN 44.9 kWh Active,BYD,Imported,
Jaguar I-Pace EV400,Jaguar,Failed,"
Invalid `prisma.variant.create()` invocation:


Unique constraint failed on the fields: (`slug`)"
Maxus MIFA 9,Maxus,Imported,
Volvo XC40 Recharge Pure Electric,Volvo,Failed,"
Invalid `prisma.variant.create()` invocation:


Unique constraint failed on the fields: (`slug`)"
XPENG P7 Wing Edition,XPENG,Imported,
Mercedes-Benz EQS SUV Maybach 680,Mercedes-Benz,Imported,
Porsche Taycan Turbo S,Porsche,Failed,"
Invalid `prisma.variant.create()` invocation:


Unique constraint failed on the fields: (`slug`)"
Subaru Solterra AWD,Subaru,Imported,
BMW iX2 xDrive30,BMW,Imported,
Mercedes-Benz B 250e,Mercedes-Benz,Imported,
Porsche Macan Electric,Porsche,Imported,
Peugeot e-208 50 kWh,Peugeot,Imported,
BMW i3s 120 Ah,BMW,Imported,
Tesla Model X 75D,Tesla,Imported,
XPENG G9 AWD Performance,XPENG,Imported,
Tesla Model S Long Range Plus,Tesla,Imported,
Smart #5 Summit Edition,Smart,Imported,
Audi Q6 e-tron performance,Audi,Imported,
Audi e-tron GT RS,Audi,Failed,"
Invalid `prisma.variant.create()` invocation:


Unique constraint failed on the fields: (`slug`)"
XPENG G6 AWD Performance,XPENG,Imported,
Lucid Air Dream Edition R,Lucid,Imported,
Mercedes-Benz EQB 300 4MATIC,Mercedes-Benz,Failed,"
Invalid `prisma.variant.create()` invocation:


Unique constraint failed on the fields: (`slug`)"
XPENG P7 RWD Long Range,XPENG,Imported,
BMW i4 M50,BMW,Imported,
Hyundai Kona Electric 39 kWh,Hyundai,Failed,"
Invalid `prisma.variant.create()` invocation:


Unique constraint failed on the fields: (`slug`)"
Skoda Enyaq 60,Skoda,Failed,"
Invalid `prisma.variant.create()` invocation:


Unique constraint failed on the fields: (`slug`)"
Hyundai IONIQ 5 Long Range 2WD,Hyundai,Imported,
Mercedes-Benz EQE 350+,Mercedes-Benz,Failed,"
Invalid `prisma.model.upsert()` invocation:


Unique constraint failed on the fields: (`slug`)"
Volkswagen ID.3 GTX,Volkswagen,Imported,
Volkswagen ID.4 Pure,Volkswagen,Imported,
Volvo ES90 Twin Motor,Volvo,Imported,
Lancia Ypsilon,Lancia,Imported,
Tesla Model X Plaid,Tesla,Imported,
Tesla Model 3 Long Range Performance,Tesla,Imported,
Tesla Model X Dual Motor,Tesla,Imported,
Tesla Model S P85D,Tesla,Imported,
CUPRA Born 170 kW - 77 kWh,CUPRA,Imported,
Opel Corsa Electric 51 kWh,Opel,Imported,
NIO ET7 Standard Range,NIO,Imported,
Hyundai Kona Electric 48 kWh,Hyundai,Imported,
Tesla Model S 90D,Tesla,Failed,"
Invalid `prisma.variant.create()` invocation:


Unique constraint failed on the fields: (`slug`)"
Mercedes-Benz EQS SUV 450 4MATIC,Mercedes-Benz,Failed,"
Invalid `prisma.variant.create()` invocation:


Unique constraint failed on the fields: (`slug`)"
Mercedes-Benz EQE 300,Mercedes-Benz,Failed,"
Invalid `prisma.variant.create()` invocation:


Unique constraint failed on the fields: (`slug`)"
Porsche Taycan,Porsche,Failed,"
Invalid `prisma.variant.create()` invocation:


Unique constraint failed on the fields: (`slug`)"
Cadillac Lyriq 600 E4,Cadillac,Imported,
Volkswagen ID.7 Tourer GTX,Volkswagen,Imported,
Peugeot e-5008 97 kWh Long Range,Peugeot,Imported,
Mercedes-Benz EQA 250+,Mercedes-Benz,Failed,"
Invalid `prisma.variant.create()` invocation:


Unique constraint failed on the fields: (`slug`)"
DS NÂ°8 FWD Long Range,DS,Imported,
Tesla Model S Performance,Tesla,Failed,"
Invalid `prisma.variant.create()` invocation:


Unique constraint failed on the fields: (`slug`)"
Tesla Model Y,Tesla,Imported,
CUPRA Tavascan VZ,CUPRA,Imported,
Smart #1 Pro+,Smart,Failed,"
Invalid `prisma.model.upsert()` invocation:


Unique constraint failed on the fields: (`slug`)"
BMW i4 eDrive35,BMW,Imported,
Mercedes-Benz EQS 450+,Mercedes-Benz,Failed,"
Invalid `prisma.variant.create()` invocation:


Unique constraint failed on the fields: (`slug`)"
Polestar 2 Long Range Single Motor,Polestar,Failed,"
Invalid `prisma.variant.create()` invocation:


Unique constraint failed on the fields: (`slug`)"
Tesla Model S 85D,Tesla,Imported,
Kia EV6 GT,Kia,Failed,"
Invalid `prisma.variant.create()` invocation:


Unique constraint failed on the fields: (`slug`)"
Volkswagen ID.7 Tourer Pro,Volkswagen,Imported,
Smart #1 Brabus,Smart,Imported,
Volkswagen e-Up!,Volkswagen,Failed,"
Invalid `prisma.variant.create()` invocation:


Unique constraint failed on the fields: (`slug`)"
Tesla Model S Long Range,Tesla,Imported,
Nissan e-NV200 Evalia,Nissan,Failed,"
Invalid `prisma.variant.create()` invocation:


Unique constraint failed on the fields: (`slug`)"
Polestar 4 Long Range Single Motor,Polestar,Imported,
Tesla Model 3 Long Range Dual Motor,Tesla,Imported,
Porsche Taycan 4S,Porsche,Failed,"
Invalid `prisma.variant.create()` invocation:


Unique constraint failed on the fields: (`slug`)"
MG MG4 Electric 77 kWh,MG,Imported,
Volvo EX30 Single Motor,Volvo,Imported,
XPENG G6 RWD Standard Range,XPENG,Imported,
Volkswagen ID. Buzz Pro,Volkswagen,Imported,
Peugeot e-208 51 kWh,Peugeot,Failed,"
Invalid `prisma.variant.create()` invocation:


Unique constraint failed on the fields: (`slug`)"
Polestar 4 Long Range Dual Motor,Polestar,Imported,
Volvo EX30 Twin Motor Performance,Volvo,Imported,
Lotus Eletre,Lotus,Imported,
Volkswagen ID.5 Pro,Volkswagen,Failed,"
Invalid `prisma.variant.create()` invocation:


Unique constraint failed on the fields: (`slug`)"
Volvo EX40 Single Motor ER,Volvo,Failed,"
Invalid `prisma.variant.create()` invocation:


Unique constraint failed on the fields: (`slug`)"
Hyundai IONIQ 5 N,Hyundai,Imported,
Renault Megane E-Tech EV60 220hp,Renault,Imported,
Tesla Model Y Long Range Dual Motor,Tesla,Imported,
XPENG G9 RWD Long Range,XPENG,Imported,
Audi e-tron GT quattro,Audi,Imported,
Peugeot e-2008 SUV,Peugeot,Failed,"
Invalid `prisma.variant.create()` invocation:


Unique constraint failed on the fields: (`slug`)"
Renault Twingo Electric,Renault,Imported,
Volkswagen ID.3 Pro,Volkswagen,Failed,"
Invalid `prisma.variant.create()` invocation:


Unique constraint failed on the fields: (`slug`)"
Skoda Elroq 50,Skoda,Imported,
Hyundai IONIQ 6 Long Range AWD,Hyundai,Imported,
Honda e,Honda,Imported,
Kia EV6 Long Range 2WD,Kia,Imported,
BYD TANG,BYD,Imported,
Dacia Spring Electric 45,Dacia,Imported,
Opel Grandland 73 kWh,Opel,Imported,
BMW iX xDrive45,BMW,Imported,
Mercedes-Benz EQE 350+,Mercedes-Benz,Failed,"
Invalid `prisma.model.upsert()` invocation:


Unique constraint failed on the fields: (`slug`)"
Zeekr 001 Performance AWD,Zeekr,Imported,
Hyundai IONIQ 5 84 kWh AWD,Hyundai,Imported,
Lexus RZ 450e,Lexus,Imported,
Polestar 2 Long Range Dual Motor,Polestar,Failed,"
Invalid `prisma.variant.create()` invocation:


Unique constraint failed on the fields: (`slug`)"
Tesla Model Y Long Range AWD Launch Series,Tesla,Imported,
Kia EV4 Sedan Long Range,Kia,Imported,
Opel Astra Electric,Opel,Imported,
Nissan Leaf e+,Nissan,Failed,"
Invalid `prisma.variant.create()` invocation:


Unique constraint failed on the fields: (`slug`)"
Hyundai IONIQ 5 63 kWh RWD,Hyundai,Imported,
Peugeot e-2008 54 kWh,Peugeot,Imported,
Mini Cooper SE,Mini,Failed,"
Invalid `prisma.variant.create()` invocation:


Unique constraint failed on the fields: (`slug`)"
CUPRA Born 170 kW - 77 kWh,CUPRA,Failed,"
Invalid `prisma.variant.create()` invocation:


Unique constraint failed on the fields: (`slug`)"
CUPRA Tavascan Endurance,CUPRA,Imported,
Skoda Enyaq iV 60,Skoda,Imported,
Peugeot e-5008 73 kWh,Peugeot,Imported,
Hyundai IONIQ 6 Standard Range 2WD,Hyundai,Imported,
Hyundai IONIQ 5 Long Range 2WD,Hyundai,Failed,"
Invalid `prisma.variant.create()` invocation:


Unique constraint failed on the fields: (`slug`)"
Lucid Air Grand Touring,Lucid,Imported,
Volkswagen ID.4 Pure,Volkswagen,Failed,"
Invalid `prisma.variant.create()` invocation:


Unique constraint failed on the fields: (`slug`)"
Toyota bZ4X AWD,Toyota,Imported,
Volkswagen ID.3 Pro S,Volkswagen,Failed,"
Invalid `prisma.variant.create()` invocation:


Unique constraint failed on the fields: (`slug`)"
Tesla Model S P100D,Tesla,Imported,
Hyundai IONIQ 5 Long Range AWD,Hyundai,Failed,"
Invalid `prisma.variant.create()` invocation:


Unique constraint failed on the fields: (`slug`)"
BMW i7 xDrive60,BMW,Imported,
Zeekr 001 Long Range RWD,Zeekr,Imported,
Tesla Model S 85,Tesla,Imported,
Mazda MX-30,Mazda,Failed,"
Invalid `prisma.variant.create()` invocation:


Unique constraint failed on the fields: (`slug`)"
Tesla Model X 100D,Tesla,Imported,
BYD SEAL U 71.8 kWh Comfort,BYD,Imported,
Volkswagen ID.7 Tourer Pro S,Volkswagen,Imported,
Audi Q6 e-tron quattro,Audi,Imported,
Audi Q8 e-tron 55 quattro,Audi,Imported,
Opel Mokka-e 50 kWh,Opel,Imported,
MG Cyberster GT,MG,Imported,
BMW iX xDrive60,BMW,Imported,
Omoda E5,Omoda,Imported,
Ford Explorer Standard Range RWD,Ford,Imported,
Polestar 2 Long Range Single Motor,Polestar,Failed,"
Invalid `prisma.variant.create()` invocation:


Unique constraint failed on the fields: (`slug`)"
Citroen e-C3 Aircross,Citroen,Imported,
Dacia Spring Electric 45,Dacia,Failed,"
Invalid `prisma.variant.create()` invocation:


Unique constraint failed on the fields: (`slug`)"
Peugeot e-208,Peugeot,Failed,"
Invalid `prisma.variant.create()` invocation:


Unique constraint failed on the fields: (`slug`)"
Tesla Model 3 Performance,Tesla,Imported,
Peugeot e-3008 73 kWh,Peugeot,Imported,
Leapmotor C10,Leapmotor,Imported,
Porsche Macan 4 Electric,Porsche,Imported,
NIO ET5 Long Range,NIO,Imported,
Nissan Leaf,Nissan,Failed,"
Invalid `prisma.variant.create()` invocation:


Unique constraint failed on the fields: (`slug`)"
DS NÂ°8 AWD Long Range,DS,Imported,
Kia EV4 Hatchback Long Range,Kia,Imported,
MG ZS EV,MG,Imported,
Tesla Model S 100D,Tesla,Imported,
Hyundai INSTER Standard Range,Hyundai,Imported,
Ford Capri Extended Range AWD,Ford,Imported,
Kia EV9 99.8 kWh AWD,Kia,Imported,
NIO EL7 Long Range,NIO,Imported,
Hyundai IONIQ Electric,Hyundai,Imported,
BMW i4 eDrive35,BMW,Failed,"
Invalid `prisma.variant.create()` invocation:


Unique constraint failed on the fields: (`slug`)"
Hyundai IONIQ 5 Standard Range 2WD,Hyundai,Imported,
Peugeot e-3008 97 kWh Long Range,Peugeot,Imported,
Citroen e-C4,Citroen,Failed,"
Invalid `prisma.variant.create()` invocation:


Unique constraint failed on the fields: (`slug`)"
Jeep Avenger Electric,Jeep,Imported,
MG MG5 Electric Long Range,MG,Imported,
Hongqi E-HS9 99 kWh,Hongqi,Imported,
Mercedes-Benz CLA 350 4MATIC,Mercedes-Benz,Imported,
Voyah Free 106 kWh,Voyah,Imported,
Mercedes-Benz G 580,Mercedes-Benz,Imported,
MG MG4 Electric 51 kWh,MG,Imported,
Smart #5 Brabus,Smart,Imported,
Smart EQ fortwo coupe,Smart,Failed,"
Invalid `prisma.variant.create()` invocation:


Unique constraint failed on the fields: (`slug`)"
BMW i4 M50,BMW,Failed,"
Invalid `prisma.variant.create()` invocation:


Unique constraint failed on the fields: (`slug`)"
Tesla Model 3 Performance,Tesla,Failed,"
Invalid `prisma.variant.create()` invocation:


Unique constraint failed on the fields: (`slug`)"
Honda e:Ny1,Honda,Imported,
Audi Q4 e-tron 40,Audi,Failed,"
Invalid `prisma.variant.create()` invocation:


Unique constraint failed on the fields: (`slug`)"
Dongfeng Box 42.3 kWh,Dongfeng,Imported,
Volkswagen ID.4 Pro Performance,Volkswagen,Imported,
BMW iX xDrive50,BMW,Imported,
Hyundai Kona Electric 64 kWh,Hyundai,Failed,"
Invalid `prisma.variant.create()` invocation:


Unique constraint failed on the fields: (`slug`)"
Tesla Model 3 Long Range Dual Motor,Tesla,Failed,"
Invalid `prisma.variant.create()` invocation:


Unique constraint failed on the fields: (`slug`)"
BMW i5 eDrive40 Sedan,BMW,Failed,"
Invalid `prisma.variant.create()` invocation:


Unique constraint failed on the fields: (`slug`)"
Opel Corsa-e,Opel,Failed,"
Invalid `prisma.variant.create()` invocation:


Unique constraint failed on the fields: (`slug`)"
Volkswagen ID.3 Pure,Volkswagen,Imported,
Skoda Elroq 85,Skoda,Imported,
Volkswagen ID.4 Pro,Volkswagen,Failed,"
Invalid `prisma.variant.create()` invocation:


Unique constraint failed on the fields: (`slug`)"
Tesla Model 3 Long Range Dual Motor,Tesla,Failed,"
Invalid `prisma.variant.create()` invocation:


Unique constraint failed on the fields: (`slug`)"
BYD DOLPHIN 60.4 kWh,BYD,Imported,
BYD SEAL 61.4 kWh RWD Comfort,BYD,Imported,
Tesla Model Y Performance,Tesla,Imported,
Ford Capri Standard Range RWD,Ford,Imported,
Volvo EX30 Single Motor ER,Volvo,Imported,
Kia Niro EV,Kia,Imported,
BMW iX xDrive40,BMW,Imported,
Tesla Model S Plaid,Tesla,Imported,
Mercedes-Benz EQS 450+,Mercedes-Benz,Failed,"
Invalid `prisma.variant.create()` invocation:


Unique constraint failed on the fields: (`slug`)"
BYD SEALION 7 91.3 kWh AWD Excellence,BYD,Imported,
BYD HAN,BYD,Imported,
Audi e-tron 55 quattro,Audi,Failed,"
Invalid `prisma.variant.create()` invocation:


Unique constraint failed on the fields: (`slug`)"
Hyundai INSTER Long Range,Hyundai,Imported,
Skoda Elroq 60,Skoda,Imported,
Hyundai Kona Electric 65 kWh,Hyundai,Imported,
Volkswagen e-Golf,Volkswagen,Failed,"
Invalid `prisma.variant.create()` invocation:


Unique constraint failed on the fields: (`slug`)"
BMW iX1 xDrive30,BMW,Imported,
Tesla Model 3 Standard Range Plus,Tesla,Imported,
Citroen e-C3,Citroen,Imported,
Nissan Leaf,Nissan,Failed,"
Invalid `prisma.variant.create()` invocation:


Unique constraint failed on the fields: (`slug`)"
BYD TANG Flagship,BYD,Imported,
Hyundai IONIQ 5 84 kWh RWD,Hyundai,Imported,
Tesla Model 3 Standard Range Plus,Tesla,Failed,"
Invalid `prisma.variant.create()` invocation:


Unique constraint failed on the fields: (`slug`)"
Fiat 500e Hatchback 42 kWh,Fiat,Imported,
Volkswagen ID.7 Pro S,Volkswagen,Imported,
Tesla Model 3 Standard Range Plus LFP,Tesla,Imported,
XPENG G6 RWD Long Range,XPENG,Imported,
Nissan Ariya 87kWh,Nissan,Imported,
Kia EV6 Long Range 2WD,Kia,Failed,"
Invalid `prisma.variant.create()` invocation:


Unique constraint failed on the fields: (`slug`)"
Fiat Grande Panda,Fiat,Imported,
Audi A6 Avant e-tron performance,Audi,Imported,
Skoda Enyaq 85,Skoda,Imported,
Kia EV9 99.8 kWh RWD,Kia,Imported,
Kia EV6 Long Range AWD,Kia,Failed,"
Invalid `prisma.variant.create()` invocation:


Unique constraint failed on the fields: (`slug`)"
Hyundai IONIQ 6 Long Range 2WD,Hyundai,Imported,
Tesla Model S 75D,Tesla,Imported,
Kia e-Niro 64 kWh,Kia,Failed,"
Invalid `prisma.variant.create()` invocation:


Unique constraint failed on the fields: (`slug`)"
Smart #5 Premium,Smart,Imported,
BYD SEAL U 87 kWh Design,BYD,Imported,
BYD SEAL 82.5 kWh RWD Design,BYD,Imported,
Audi A6 Sportback e-tron performance,Audi,Imported,
firefly firefly,firefly,Imported,
Audi e-tron 50 quattro,Audi,Failed,"
Invalid `prisma.variant.create()` invocation:


Unique constraint failed on the fields: (`slug`)"
BMW i4 eDrive40,BMW,Imported,
Audi Q4 e-tron 45,Audi,Imported,
Volkswagen ID.3 Pro,Volkswagen,Failed,"
Invalid `prisma.variant.create()` invocation:


Unique constraint failed on the fields: (`slug`)"
Renault 4 E-Tech 52kWh 150hp,Renault,Imported,
Mercedes-Benz EQA 250,Mercedes-Benz,Failed,"
Invalid `prisma.model.upsert()` invocation:


Unique constraint failed on the fields: (`slug`)"
Mazda 6e,Mazda,Imported,
BMW iX1 eDrive20,BMW,Imported,
Rolls-Royce Spectre,Rolls-Royce,Imported,
KGM Torres EVX,KGM,Imported,
Leapmotor T03,Leapmotor,Imported,
Skoda Enyaq 85,Skoda,Failed,"
Invalid `prisma.variant.create()` invocation:


Unique constraint failed on the fields: (`slug`)"
Zeekr 7X Performance AWD,Zeekr,Imported,
CUPRA Born 150 kW - 58 kWh,CUPRA,Imported,
MG ZS EV Long Range,MG,Imported,
Ford Puma Gen-E,Ford,Imported,
Toyota bZ4X FWD,Toyota,Imported,
Hyundai IONIQ Electric,Hyundai,Failed,"
Invalid `prisma.variant.create()` invocation:


Unique constraint failed on the fields: (`slug`)"
BMW iX3,BMW,Failed,"
Invalid `prisma.variant.create()` invocation:


Unique constraint failed on the fields: (`slug`)"
Zeekr 7X Long Range RWD,Zeekr,Imported,
BYD SEALION 7 82.5 kWh RWD Comfort,BYD,Imported,
Renault Zoe ZE50 R110,Renault,Imported,
Tesla Model S Dual Motor,Tesla,Imported,
Volkswagen ID.7 Pro,Volkswagen,Imported,
Mini Countryman E,Mini,Imported,
Skoda Enyaq iV 80,Skoda,Imported,
Kia EV3 Standard Range,Kia,Imported,
Mini Cooper SE,Mini,Failed,"
Invalid `prisma.variant.create()` invocation:


Unique constraint failed on the fields: (`slug`)"
Mercedes-Benz EQC 400 4MATIC,Mercedes-Benz,Failed,"
Invalid `prisma.variant.create()` invocation:


Unique constraint failed on the fields: (`slug`)"
Tesla Model Y Long Range RWD,Tesla,Imported,
Hyundai Kona Electric 64 kWh,Hyundai,Failed,"
Invalid `prisma.variant.create()` invocation:


Unique constraint failed on the fields: (`slug`)"
BMW i4 eDrive40,BMW,Failed,"
Invalid `prisma.variant.create()` invocation:


Unique constraint failed on the fields: (`slug`)"
Renault Scenic E-Tech EV87 220hp,Renault,Imported,
Renault Megane E-Tech EV60 220hp,Renault,Failed,"
Invalid `prisma.variant.create()` invocation:


Unique constraint failed on the fields: (`slug`)"
Lynk&Co 02,Lynk&Co,Imported,
Ford Explorer Extended Range RWD,Ford,Failed,"
Invalid `prisma.variant.create()` invocation:


Unique constraint failed on the fields: (`slug`)"
Tesla Model 3 Long Range Dual Motor,Tesla,Failed,"
Invalid `prisma.variant.create()` invocation:


Unique constraint failed on the fields: (`slug`)"
Mercedes-Benz EQB 250+,Mercedes-Benz,Failed,"
Invalid `prisma.variant.create()` invocation:


Unique constraint failed on the fields: (`slug`)"
Tesla Model 3 Performance,Tesla,Failed,"
Invalid `prisma.variant.create()` invocation:


Unique constraint failed on the fields: (`slug`)"
Opel Frontera 44 kWh,Opel,Imported,
MG MGS5 EV 64 kWh,MG,Imported,
MG MG4 Electric 64 kWh,MG,Imported,
BYD SEAL 82.5 kWh AWD Excellence,BYD,Imported,
Ford Capri Extended Range RWD,Ford,Imported,
Renault 5 E-Tech 52kWh 150hp,Renault,Imported,
BYD ATTO 2,BYD,Imported,
Tesla Model 3,Tesla,Imported,
Tesla Model Y Long Range RWD,Tesla,Failed,"
Invalid `prisma.variant.create()` invocation:


Unique constraint failed on the fields: (`slug`)"
Tesla Model Y Long Range AWD,Tesla,Imported,
Tesla Model 3 Long Range RWD,Tesla,Failed,"
Invalid `prisma.variant.create()` invocation:


Unique constraint failed on the fields: (`slug`)"
Tesla Model 3 Long Range Dual Motor,Tesla,Failed,"
Invalid `prisma.variant.create()` invocation:


Unique constraint failed on the fields: (`slug`)"
Tesla Model Y Long Range Dual Motor,Tesla,Failed,"
Invalid `prisma.variant.create()` invocation:


Unique constraint failed on the fields: (`slug`)"
Mercedes-Benz CLA 250+,Mercedes-Benz,Imported,
Kia EV3 Long Range,Kia,Imported,
BYD ATTO 3,BYD,Imported,
Tesla Model Y,Tesla,Failed,"
Invalid `prisma.variant.create()` invocation:


Unique constraint failed on the fields: (`slug`)"
Tesla Model 3,Tesla,Failed,"
Invalid `prisma.variant.create()` invocation:


Unique constraint failed on the fields: (`slug`)"
BMW i3 120 Ah,BMW,Imported,
Tesla Model Y RWD,Tesla,Imported,
